<?xml version="1.0" encoding="UTF-8"?>
<!DOCTYPE suite SYSTEM "https://testng.org/testng-1.0.dtd">
<suite name="Suite">
  <test thread-count="5" name="Test" >
   <classes>
  <class name="Sfbg.TS001_LeadToOpportunity"/>
  <class name="Sfbg.TS002_OpportunityTillSignedContract"/>
  <class name="Sfbg.TS003_OpportunityUptoQuoting"/>
  <class name="Sfbg.TS004_OpportunityUptoAwaiting"/>
  <class name="Sfbg.TS005_OpportunityUptoSubmit"/>
  <class name="Sfbg.TS006_OpportunityUptoSalesengagement"/>
  <class name="Sfbg.TS007_OpportunityCreationWithTCV"/>
  <class name="Sfbg.TS008_OpportunityUptoQuotedWithoutTCV"/>
  <class name="Sfbg.TS009_OrderCancellation"/>
  <class name="Sfbg.TS010_Suborder_cancellation"/>
  <class name="Sfbg.TS011_PartnerMailingValidation"/>
  <class name="Sfbg.TS012_OppTillSignedWithCreditCheck"/>
  <class name="Sfbg.TS013_COR_ICOMS"/>
  <class name="Sfbg.TS014_COR_RBM"/>
  <class name="Sfbg.TS015_MacNpYes"/>
  <class name="Sfbg.TS016_MacNpNo"/>
  <class name="Sfbg.TS017_BackofficeProduct"/>
  <class name="Sfbg.TS018_ContractCentreProduct"/>
  <class name="Sfbg.TS019_BackofficeCancellation"/>
  <class name="Sfbg.TS020_PartnerProduct"/>
  <class name="Sfbg.TS021_ProfessionalServices"/>
  <class name="Sfbg.TS022_Bookandship"/>
  <class name="Sfbg.TS023_Maintenance"/>
  <class name="Sfbg.TS024_ComplaintCaseCreation"/>
  
  
  
 
 
 
 
 
 
  </classes>
  </test> <!-- Test -->
</suite> <!-- Suite -->
